full_name,location,account_id,date,active,ip_adress,id
Lydie Brito,"Noblesville, Indiana, United States",account_452,Invalid date,true,37.250.190.157,1
Willey Blackmoor,"Shawnee, Kansas, United States",account_536,Invalid date,true,155.53.139.75,2
Donnie McQuarter,"Wilkes-Barre, Pennsylvania, United States",account_104,Invalid date,true,224.98.38.112,3
Rubina Stempe,"Waukesha, Wisconsin, United States",account_70,Invalid date,false,242.40.107.76,4
Ardeen Biggin,"Rock Island, Illinois, United States",account_102,Invalid date,false,250.178.37.116,5
Filippa Melley,"Grand Junction, Colorado, United States",account_535,Invalid date,true,216.60.206.106,6
Adrien Handrik,"Arlington Heights, Illinois, United States",account_910,Invalid date,false,130.183.142.83,7
Katerine Slides,"Harrisburg, Pennsylvania, United States",account_132,Invalid date,true,142.215.69.178,8
Hesther Gwillim,"Middletown, Connecticut, United States",account_333,Invalid date,true,216.60.206.106,9
Auria McCardle,"Brentwood, Tennessee, United States",account_841,Invalid date,true,169.5.192.92,10
Leena Filon,"Tinley Park, Illinois, United States",account_281,Invalid date,false,223.200.243.86,11
Claretta Werner,"North Lauderdale, Florida, United States",account_558,Invalid date,true,169.5.192.92,12
Stuart Davidi,"Holyoke, Massachusetts, United States",account_667,Invalid date,true,14.232.101.4,13
Kenyon Malinson,"Lawrence, Massachusetts, United States",account_479,Invalid date,true,67.173.188.107,14
Gwen Antliff,"Davis, California, United States",account_378,Invalid date,false,155.53.139.75,15
Grazia Boshers,"Greensboro, North Carolina, United States",account_389,Invalid date,true,22.223.111.33,16
Genia Carnoghan,"El Monte, California, United States",account_864,Invalid date,true,67.157.210.223,17
Angelia MacGoun,"Oak Park, Illinois, United States",account_391,Invalid date,true,164.73.35.137,18
Erhart Spellissy,"Honolulu, Hawaii, United States",account_774,Invalid date,true,22.223.111.33,19
Cletus Gristock,"Sunnyvale, California, United States",account_843,Invalid date,false,230.209.107.86,20
Purcell Codner,"Cuyahoga Falls, Ohio, United States",account_129,Invalid date,true,105.75.179.144,21
Doretta Kaminski,"Fayetteville, North Carolina, United States",account_378,Invalid date,false,76.82.111.82,22
Fabien Foat,"Provo, Utah, United States",account_694,Invalid date,false,195.209.135.25,23
Guinevere Lenton,"Valley Stream, New York, United States",account_333,Invalid date,true,60.234.60.129,24
Booth Estick,"Oak Park, Illinois, United States",account_666,Invalid date,false,224.98.38.112,25
Ellwood Beldon,"Centennial, Colorado, United States",account_490,Invalid date,false,107.108.24.47,26
Imogene Rawlingson,"North Charleston, South Carolina, United States",account_582,Invalid date,false,141.115.94.94,27
Sullivan Albin,"Weslaco, Texas, United States",account_647,Invalid date,false,136.26.236.208,28
Itch Alvy,"Huntington Beach, California, United States",account_403,Invalid date,false,111.226.159.140,29
Armin Pycock,"Detroit, Michigan, United States",account_64,Invalid date,true,67.173.188.107,30
Binni Weddeburn,"South Bend, Indiana, United States",account_993,Invalid date,false,113.156.67.33,31
Elmira Siddons,"Euless, Texas, United States",account_436,Invalid date,false,242.40.107.76,32
Pandora Stachini,"Gary, Indiana, United States",account_627,Invalid date,true,79.37.88.49,33
Heath Sambiedge,"Cary, North Carolina, United States",account_288,Invalid date,false,195.209.135.25,34
Renato Cunliffe,"Rancho Santa Margarita, California, United States",account_134,Invalid date,false,209.117.86.59,35
Vachel Brito,"Providence, Rhode Island, United States",account_820,Invalid date,true,1.213.104.217,36
Rickey Brizell,"Oro Valley, Arizona, United States",account_591,Invalid date,false,32.230.101.145,37
Anatollo Olenchenko,"Houston, Texas, United States",account_548,Invalid date,true,29.115.8.80,38
Eugene Antliff,"McAllen, Texas, United States",account_597,Invalid date,false,150.97.65.138,39
Angelia Iverson,"Washington, District of Columbia, United States",account_694,Invalid date,true,251.67.109.75,40
Blake Esposi,"Corpus Christi, Texas, United States",account_962,Invalid date,true,157.8.232.47,41
Ettie Tomkin,"Bellevue, Nebraska, United States",account_104,Invalid date,false,248.157.41.144,42
Ellwood Anersen,"Flagstaff, Arizona, United States",account_619,Invalid date,false,170.32.30.31,43
Armin Leverage,"Rogers, Arkansas, United States",account_674,Invalid date,false,198.16.10.195,44
Jennilee Lanegran,"Downey, California, United States",account_546,Invalid date,false,169.5.192.92,45
Lucille Eymer,"Bolingbrook, Illinois, United States",account_454,Invalid date,true,70.196.80.248,46
Augusta Guy,"Doral, Florida, United States",account_678,Invalid date,true,199.100.228.121,47
Konstanze Zannolli,"St. Charles, Missouri, United States",account_794,Invalid date,true,111.226.159.140,48
Matthew Carnoghan,"Somerville, Massachusetts, United States",account_263,Invalid date,false,88.2.240.250,49
Cosette Manketell,"Charleston, West Virginia, United States",account_230,Invalid date,false,32.230.101.145,50